headlines,date
Cloudera and Hortonworks Complete Planned Merger,01-03-19
Cloudera-Hortonworks merger closes,01-03-19
"Financialinsiders.com: 'Roller Coaster Week' Market News Recap Ending January 4th, 2019",01-04-19
Cloudera to Participate in Upcoming Financial Conference,01-07-20
"Analyst Actions: DA Davidson Lifts Cloudera's Price Target to $14 From $13, Reiterates Buy Rating",01-08-20
Northland starts Cloudera at 30% upside,01-09-19
Analyst Actions: Northland Initiates Cloudera At Outperform,01-09-19
Analyst Actions: Citigroup Upgrades Cloudera to Buy From Neutral,01-10-18
"Cloudera +3.7% on analyst upgrades, price target increases",01-10-18
Analyst Actions: Cloudera Gets Upgrade at Mizuho Securities From Neutral to Buy With $21 Price Target,01-10-18
Update: Analyst Actions: Mizuho Upgrades Cloudera to Buy; PT Set at $21,01-10-18
"How Did Cloudera, Inc. (CLDR) Compare Against Top Hedge Fund Stocks in 2019?",01-11-20
Needham initiates Cloudera at Buy,01-12-18
Analyst Actions: Needham Iniitates Cloudera at Buy; PT Set at $22,01-12-18
Cloudera Appoints Robert Bearden President and Chief Executive Officer,01-13-20
Cloudera appoints Hortonworks founder as CEO,01-13-20
Cloudera Names Hortonworks' Bearden as New CEO; Reaffirms Guidance - Stock Rises Over 3% After-Hours,01-13-20
Cloudera appoints Hortonworks co-founder as new CEO,01-13-20
MT Newswires After-Hours News Movers,01-13-20
"Former Hortonworks, Docker CEO comes back to head up Cloudera",01-13-20
Sector Update: Tech Stocks Edging Higher Tuesday Afternoon,01-14-20
Sector Update: Tech Stocks Sinking Despite Increase for Chipmakers,01-14-20
Cloudera bull sees M&A in CEO hire,01-14-20
Cloudera Wins Two 2018 IoT Breakthrough Awards for Connected Car Innovation,01-17-18
Wells Fargo starts Cloudera at 56% upside,01-22-19
"Analyst Actions: Wells Fargo Starts Cloudera at Outperform, With $20 Price Target",01-22-19
"Firsthand Technology Value Fund Discloses Preliminary NAV of $23.83 Per Share as of December 31, 2017",01-23-18
"Juniper (JNPR) Q4 Earnings Match Estimates, Revenues Rise Y/Y",01-28-20
"Corning (GLW) Q4 Earnings & Revenues Top Estimates, Fall Y/Y",01-29-20
Cloudera helps the Office for National Statistics (ONS) to produce clearer view of the UK economy,02-01-18
Cloudera Appoints Amy O'Connor to Chief Data and Information Officer,02-05-18
Cloudera Promotes Amy O'Connor to Chief Data and Information Officer,02-05-18
"New Research Coverage Highlights Hooker Furniture, Independent Bank, Guaranty, Oasis Petroleum, Fitbit, and Cloudera — Consolidated Revenues, Company Growth, and Expectations for 2018",02-05-18
Cloudera Sets Date to Announce Fourth Quarter Fiscal Year 2020 Results,02-11-20
Cloudera Sets Date to Announce Fourth Quarter and Fiscal Year 2019 Results,02-12-19
Cloudera and Hortonworks Named Among Leaders in Cloud Hadoop/Spark Platforms Report by Independent Research Firm,02-13-19
"Analysis: Positioning to Benefit within Cloudera, Domtar, NextEra Energy Partners, LP, Benefitfocus, Robert Half International, and Bassett Furniture Industries — Research Highlights Growth, Revenue, and Consolidated Results",02-15-19
Cloudera Sets Date to Announce Fourth Quarter and Fiscal Year 2018 Results,02-20-18
Octo Telematics Transforms the Insurance Industry with Cloudera's Machine Learning and Analytics Platform,02-22-18
Cloudera Honored as a Recipient of Navistar International 2017 Diamond Supplier Award,02-27-18
Cloudera Altus Wins 2018 Cloud Award for Innovation,03-01-18
"Cloudera, Inc. (CLDR) May Report Negative Earnings: Know the Trend Ahead of Next Week's Release",03-03-20
Cloudera Introduces the Industry's First Machine Learning and Analytics Platform-as-a-Service Built with a Shared Data Experience (SDX),03-06-18
Cloudera (CLDR) to Report Q4 Earnings: What's in Store?,03-06-20
Cloudera Empowers Enterprises to Turn Complex Data into Actionable Insights,03-06-18
OPTIONS: Straddle Prices for Stocks Expected to Report Quarterly Results This Week,03-09-20
"One Thing To Remember About The Cloudera, Inc. (NYSE:CLDR) Share Price",03-09-20
Cloudera initiated at 5% upside,03-09-18
Notable earnings after Tuesday's close,03-09-20
Cloudera Q4 2020 Earnings Preview,03-09-20
"Benzinga Pro's Top 5 Stocks To Watch For Tues., Mar. 10, 2020: FXI, TSLA, OXY, CORV, CLDR",03-10-20
Cloudera's Q4 Earnings Preview,03-10-20
Cloudera Soars After Turning Surprise Profit in Q4,03-10-20
"Earnings Reaction History: CLOUDERA INC, 90.0% Follow-Through Indicator, 17.9% Sensitive",03-10-20
Cloudera Reports Fourth Quarter and Fiscal Year 2020 Financial Results,03-10-20
"Cloudera EPS beats by $0.07, beats on revenue",03-10-20
"Cloudera Jumps 11% After Q4 Beat, Outlook In Line to Higher; Board Sets Buyback",03-10-20
"Cloudera Sharply Higher On Q4 Sales Beat, Strong Guidance",03-10-20
"Cloudera stock surges 15% after results, outlook top Street view",03-10-20
"Cloudera +15.5% after beats, upside FY outlook",03-10-20
"Cloudera, Inc. (CLDR) Q4 Earnings and Revenues Beat Estimates",03-10-20
"CLDR, DXC, CNDT and CNX among after hours movers",03-10-20
Forecast Report: CLDR,03-10-20
MT Newswires After-Hours Trading Range Analysis: CLDR,03-10-20
MT Newswires After-Hours News Movers,03-10-20
"--Analyst Actions: Wedbush Boosts Price Target on Cloudera to $12 From $11, Maintains Neutral Rating",03-11-20
"Analyst Actions: Barclays Starts Cloudera at Equalweight, With $16 Price Target",03-11-19
Cloudera +2.7% on Equal-Weight start,03-11-19
Cloudera's (CLDR) Q4 Earnings and Revenues Increase Y/Y,03-11-20
"Thinking about buying stock in Cloudera, Cypress Semiconductor, Inovio Pharmaceuticals, T-Mobile, or Verisign?",03-11-20
Cloudera Climbs on 'Impressive' Fourth-Quarter Results,03-11-20
"Cloudera, Like Dropbox, Looks Like a Value Play That Can Deliver Moderate Growth",03-11-20
"Cloudera, Inc. Just Reported Full-Year Earnings: Have Analysts Changed Their Mind On The Stock?",03-12-20
Analyst Actions: Morgan Stanley Resumes Cloudera With Equalweight Rating With $16 Price Target,03-12-19
"Morgan Stanley resumes Cloudera at Equal Weight, sees 11% upside",03-12-19
Cloudera Q4 2019 Earnings Preview,03-12-19
Notable earnings after Wednesday’s close,03-12-19
"Earnings Reaction History: CLOUDERA INC, 83.3% Follow-Through Indicator, 15.9% Sensitive",03-13-19
Cloudera Reports Fourth Quarter and Fiscal Year 2019 Financial Results,03-13-19
"--Cloudera Posts Q4 Loss of $0.15, vs. Street Est. of Loss of $0.07; Revenue at $144.5 Mln, vs. Street View of $209 Mln",03-13-19
"Cloudera misses by $0.08, misses on revenue",03-13-19
Cloudera Reports Q4 Miss; Guides Q1 and FY19 Below Forecasts,03-13-19
"Cloudera -14% on Q4 misses, downside guide",03-13-19
After hours movers and shakers,03-13-19
MT Newswires After-Hours News Movers,03-13-19
MTNewswires' Opening Bell Momentum Stocks: CLDR,03-14-19
"DG, TLRD and CLDR among premarket losers",03-14-19
Wall Street Turns Cautiously Higher Ahead of Opening Bell as Chinese Output Slows; US Jobless Claims Rise,03-14-19
Analysts trim Cloudera targets after earnings,03-14-19
"Analyst Actions: Cloudera's Price Target From Wedbush Cut to $16 From $17, Neutral Rating Maintained",03-14-19
Stock Indexes Slip in Early Trading as Economic Data Weighs on Sentiment,03-14-19
"CLDR, TLRD, MDB and WAGE among midday movers",03-14-19
"Analyst Actions: Cloudera's Price Target Trimmed to $15 at Morgan Stanley, Equalweight Rating Reiterated",03-14-19
Analyst Actions: Needham & Co Reiterates Cloudera Strong Buy Rating; Lowers PT to $28 From $31,03-14-19
Analyst Actions: Cloudera PT Cut to $16 as Wedbush Maintains Neutral Recommendation,03-14-19
Analyst Actions: Deutsche Bank Cuts Price Target for Cloudera to $13; Maintains Hold Rating,03-14-19
Analyst Actions: Stifel Nicolaus Lowers Price Target for Cloudera to $16; Reiterates Buy Rating,03-14-19
MongoDB leads technology gainers; Fusion Connect and Huami among losers,03-14-19
Sector Update: Tech Stocks Hanging On To Slim Advance,03-14-19
"What Makes Cloudera, Inc. (CLDR) a New Buy Stock",03-16-20
Bull of the Day: Cloudera (CLDR),03-18-20
"CLDR, FANG, MSFT, FB and BABA as Zacks Bull and Bear of the Day",03-18-20
"Option-trading opportunities on Boston Scientific Corp., Cloudera Inc., The Walt Disney Co., Fidelity Information Services Inc., and Momo Inc.",03-19-19
Cloudera Congratulates 2019 European Data Heroes Award Winners,03-20-19
"Independent Director Peter Fenton Just Bought Shares In Cloudera, Inc. (NYSE:CLDR)",03-20-20
Mizuho raises Cloudera target to 24% upside,03-20-18
Bad Week Gets Worse as Morning Rally Falters,03-21-20
Zoom (ZM) Looks Good: Stock Adds 5.5% in Session,03-23-20
"Cloudera Investor Alert: Faruqi & Faruqi, LLP Encourages Investors Who Suffered Losses Exceeding $100,000 Investing in Cloudera, Inc. to Contact the Firm",03-24-20
New Strong Buy Stocks for March 25th,03-25-20
Cloudera to Host Investor and Financial Analyst Day,03-26-18
Cloudera Unlocks Opportunity at the Edge Accelerating Enterprise Data Cloud Vision,03-27-19
"Cloudera Investor Alert: Faruqi & Faruqi, LLP Encourages Investors Who Suffered Losses Exceeding $100,000 Investing In Cloudera, Inc. To Contact The Firm",03-27-20
"Hedge Funds Were Selling Cloudera, Inc. (CLDR) Before The Coronavirus",03-27-20
Cloudera Wins Multiple Awards for Cybersecurity Innovation and Leadership,03-28-18
Buy Cloudera ahead of platform release - Rosenblatt,03-28-19
"Cloudera Stock Has Crumbled, but a Director Scooped Up Shares",03-30-20
"CLOUDERA INVESTOR ALERT: Faruqi & Faruqi, LLP Encourages Investors Who Suffered Losses Exceeding $100,000 Investing In Cloudera, Inc. To Contact The Firm",03-30-20
Why You Shouldn't Bet Against Cloudera (CLDR) Stock,04-01-20
"Cloudera Investor Alert: Faruqi & Faruqi, LLP Encourages Investors Who Suffered Losses Exceeding $100,000 Investing In Cloudera, Inc. To Contact The Firm",04-01-20
"Cloudera's Data Platform Empowers LINE to Deliver Secure, Data-Driven Innovation",04-01-20
"Cloudera's Data Platform Empowers LINE to Deliver Secure, Data-Driven Innovation",04-01-20
Inseego (INSG) in Focus: Stock Moves 11.6% Higher,04-02-20
Cloudera to Support LINE's Digital Transformation Journey,04-02-20
Notable earnings after Tuesday’s close,04-02-18
Needham raises Cloudera target to 22% upside ahead of earnings,04-03-18
"Analyst Actions: Needham Raises Cloudera Price Target to $26 from $22, Maintains Buy Rating",04-03-18
Cloudera Reports Fourth Quarter and Fiscal Year 2018 Financial Results,04-03-18
"Cloudera beats by $0.13, beats on revenue",04-03-18
"Cloudera -17% after Q4 beats, mixed guidance",04-03-18
Cloudera Fiscal Q4 Results Beat View; Fiscal Q1 Outlook in Line; FY19 Revenue Below Street View -- Shares Sink,04-03-18
After Hours Gainers / Losers (04/03/2018),04-03-18
Forecast Report: CLDR,04-03-18
MT Newswires' After-Hours Trading Range Analysis: CLDR,04-03-18
MT Newswires After-Hours News Movers,04-03-18
"MT Newswires' After Hours Watch List: AEHR, HCC, PLAY, CLDR",04-03-18
Two analysts downgrade Cloudera after earnings; shares -33.5%,04-04-18
"Cloudera (CLDR) Alert: Johnson Fistel Launches Investigation into the Cloudera Acquisition of Hortonworks, Inc.; Hortonworks Investors Receiving Cloudera Shares Encouraged to Contact Firm",04-04-20
Premarket Losers as of 9:05 am (4/4/2018),04-04-18
Futures Limp Into Open as Trade War With China Escalates,04-04-18
Stock Move: Cloudera Shares Plunge 38% as Q1 and FY19 Guidance Misses Street View,04-04-18
Analyst Actions: Deutsche Bank Downgrades Cloudera to Hold From Buy,04-04-18
Analyst Actions: JP Morgan Downgrades Cloudera to Neutral From Overweight,04-04-18
Midday Gainers / Losers (4/4/2018),04-04-18
Midday Update: Wall Street Reverses Losses as Trade-War Fears Ease,04-04-18
"Cloudera sinks to new low after earnings, more analyst adjustments",04-04-18
Technology - Top 5 Gainers / Losers as of 3:00 PM (04/04/2018),04-04-18
Close Update: Wall Street Rallies Back as Trade War Fears Subside,04-04-18
"After Hours Watch List Scorecard: AEHR, HCC, PLAY, CLDR",04-04-18
Cloudera upgraded on potential revenue growth,04-08-19
Analyst Actions: Bernstein Lifts Cloudera to Outperform From Market Perform,04-08-19
Cloudera and Simudyne Offer Banks Advanced Simulation Solutions for Risk Management,04-09-18
Cloudera helps Zoomlion Accelerate their Industrial Internet of Things (IIoT) and Digital Transformation Journey,04-11-18
"Analyst Actions: Monness, Crespi & Hardt Initiates Coverage on Cloudera With Neutral Rating",04-11-18
Cloudera target raised to 30% upside,04-13-18
"Analyst Actions: Mizuho Securities Lowers Cloudera Price Target to $18 from $23, Retains Buy Rating",04-13-18
"Recent Analysis Shows Urban Outfitters, Depomed, Helios and Matheson Analytics, Keryx Biopharmaceuticals, Cloudera, and Valero Energy Market Influences — Renewed Outlook, Key Drivers of Growth",04-16-18
Indosat Ooredoo calls on Cloudera to reduce capital and operational costs by 46%,04-26-18
"Cloudera Introduces New Business Units to Accelerate Innovation and Leadership in Machine Learning, Analytics, and Cloud",04-26-18
Cloudera forms three new business units,04-26-18
"Cloudera Announces Pricing of Initial Public Offering, Marking its Debut as a Public Company",04-27-17
Cloudera Prices IPO of 15 Mln Shares at $15 Each; to Start Trading on NYSE Under Ticker Symbol CLDR,04-28-17
Cloudera jumps 25% in public debut,04-28-17
Stock Move: Cloudera Shares Rise 25% Above IPO Price in NYSE Debut,04-28-17
Sector Update: Tech Stocks Counter Balance Downward Bias Today,04-28-17
Equities End Weaker After US GDP But April Brings Monthly Gains,04-28-17
Cloudera Announces General Availability of Data Science Workbench to Accelerate Data Science and Machine Learning in the Enterprise,05-01-17
Cloudera Named to CRN's Big Data 100 List for Four Consecutive Years,05-02-17
"Good Guys Win: Apache Spot (Incubating) Team Collaborates on Machine Learning Approach to Cybersecurity, Earns Bronze Edison Award",05-03-17
Cloudera Announces Closing of Initial Public Offering and Full Exercise of the Underwriters' Option to Purchase Additional Shares,05-03-17
Premarket Gainers as of 9:05 am,05-04-17
Cloudera Sets Date to Announce First Quarter Fiscal Year 2019 Results,05-07-18
Cloudera +3.1% as Craig-Hallum starts at Buy,05-07-18
Analyst Actions: Craig-Hallum Starts Coverage of Cloudera with Buy Rating; Shares Up More Than 4%,05-07-18
Close Update: Wall Street Pares Gains as Trump Plans Iran Deal Announcement,05-07-18
Over 100 Leading Healthcare/Life Sciences Organizations Use Cloudera to Improve Patient Outcomes by Integrating Complex Data Sets and Operationalizing Data Insights,05-10-18
Cloudera Sets Date to Announce First Quarter Fiscal Year 2020 Results,05-14-19
Cloudera to Participate in Upcoming Financial Conferences,05-15-18
Cloudera Sets Date to Announce First Quarter Fiscal 2018 Results,05-17-17
Cloudera to Participate in Upcoming Financial Conference,05-21-19
Cloudera Accelerates Enterprise Machine Learning from Research to Production,05-22-18
Kim Hammonds and Mike Stankey Join Cloudera Board of Directors to Broaden Industry Insight and Advise Newly Public Company,05-22-17
Analyst Actions: Wells Fargo Downgrades Cloudera to Market Perform From Outperform,05-23-19
Cloudera -2.6% as Wells Fargo hits sidelines,05-23-19
Cloudera +2.2% as analyst launch neutral-to-strong coverage,05-23-17
"Maxim Group still favors Splunk in big data, reiterating Buy",05-23-17
Cloudera Launches Altus to Simplify Big Data Workloads in the Cloud,05-24-17
"--Analyst Actions: Nomura Cuts Cloudera PT to $14 from $20 Ahead of Q1, Keeps at Buy - Stock Down 2%",05-30-19
Cloudera Named Network Product Guide Best Overall IT Company For Third Consecutive Year,05-31-17
Stocks to watch next week,06-02-17
Cloudera Q1 2020 Earnings Preview,06-04-19
Notable earnings after Wednesday’s close,06-04-19
"Earnings Reaction History: CLOUDERA INC, 85.7% Follow-Through Indicator, 16.4% Sensitive",06-05-19
Cloudera Announces CEO Transition,06-05-19
Cloudera Reports First Quarter Fiscal Year 2020 Financial Results,06-05-19
"Cloudera EPS beats by $0.10, misses on revenue",06-05-19
"Cloudera CEO Reilly to Retire in July, Chairman Named Interim CEO, Firm Posts Mixed Q1, Revenue Guidance Disappoints - Stock Slumps 28% After-Hours",06-05-19
"Cloudera -27% on downside outlook, CEO resignation",06-05-19
Notable earnings after Wednesday’s close,06-05-18
Forecast Report: CLDR,06-05-19
MT Newswires' After-Hours Trading Range Analysis: CLDR,06-05-19
MT Newswires After-Hours News Movers,06-05-19
"MT Newswires After-Hours Watch List: SFIX, CMTL, DSS, CLDR",06-05-19
"Cloudera (CLDR) Alert: Johnson Fistel Launches Investigation into Cloudera, Inc.; Investors Encouraged to Contact Firm",06-05-19
"Cloudera CEO to Retire by End of July, Shares Fall",06-06-19
Cloudera Q1 was a 'thesis changer'- Needham,06-06-19
Analyst Actions: Citigroup Downgrades Cloudera to Neutral From Buy; Price Target is $7.50,06-06-19
Sector Update: Tech,06-06-19
Analyst Actions: Stifel Nicolaus Downgrades Cloudera to Hold From Buy,06-06-19
Analyst Actions: Needham Downgrades Cloudera to Hold From Strong Buy,06-06-19
"--Analyst Actions: Nomura Cuts Cloudera's Price Target to $8 From $14, Reiterates at Buy",06-06-19
Sector Update: Most Tech Heavyweights Climb Pre-Market Thursday,06-06-19
"HOME, CLDR and MIK among premarket losers",06-06-19
"Inside the Market: MS Raises Rating on AMD, Several Firms Cut Outlook on CLDR, Goldman Upgrades UAL",06-06-19
Wall Street Cautiously Higher Ahead of Opening Bell on Rate Cut Hopes,06-06-19
"CIEN, SFIX, HOME and CLDR among midday movers",06-06-19
"Stock Move: Cloudera Slumps 40% as CEO Reilly to Retire in July; Firm Posts Mixed Q1, Revenue Guidance Disappoints",06-06-19
"Sector Update: Tech Stocks Edging Higher, Led by Semiconductor Companies",06-06-19
"Analyst Actions: Wedbush Chops Cloudera PT to $7 After 'Trifecta' of Bad News, Keeps at Neutral - Stock Slumps 41%",06-06-19
Analyst Actions: Cloudera Stock Price Target Halved to $7 From $14 at Barclays,06-06-19
"Earnings Reaction History: CLOUDERA INC, 75.0% Follow-Through Indicator, 16.1% Sensitive",06-06-18
"CIEN, CMTL and CLDR among notable tech movers",06-06-19
"Scott+Scott Attorneys at Law LLP Announces Investigation into Securities Claims Against Cloudera, Inc. (CLDR)",06-06-19
Sector Update: Tech Stocks End Sharply Higher Thursday,06-06-19
Cloudera Reports First Quarter Fiscal Year 2019 Financial Results,06-06-18
"Cloudera beats by $0.01, beats on revenue",06-06-18
Cloudera Reports Q1 Loss a Penny Better Than Expected; Offers Mostly In Line Guidance,06-06-18
Cloudera -6.3% on Q1 beats with weak Q2 guidance,06-06-18
Inova Translational Medicine Institute Partners with Cloudera to Advance Genome-Based Machine Learning Initiatives and Save Lives,06-06-17
MT Newswires After-Hours News Movers,06-06-18
"Lost Money in Cloudera, Inc.?",06-06-19
Internet of Things (IoT) Technology Innovation Lighting The Tech Industry on Fire,06-07-18
Premarket Losers as of 9:05 am (6/7/2018),06-07-18
"SHAREHOLDER ALERT: Levi & Korsinsky, LLP Notifies Investors of an Investigation Involving Possible Securities Fraud Violations by Certain Officers and Directors of Cloudera, Inc.",06-07-19
CLOUDERA (CLDR) INVESTIGATION: Bernstein Liebhard LLP Announces Investigation of Cloudera Inc. - CLDR,06-07-19
"Johnson Fistel, LLP Files Class Action Suit Against Cloudera, Inc.; Class Period Between April 28, 2017 and June 5, 2019",06-07-19
Cloudera Reports First Quarter Fiscal Year 2018 Financial Results,06-08-17
"Cloudera beats by $0.08, beats on revenue",06-08-17
"Cloudera Gains Almost 9% After Q1 Beats Estimates, Outlook Mostly In Line to Better",06-08-17
After Hours Gainers / Losers,06-08-17
Cloudera's first quarterly report since IPO,06-09-17
Premarket Losers as of 9:05 am,06-09-17
Midday Gainers / Losers,06-09-17
Midday Update: Averages Set Record Highs After Event Risk Fades,06-09-17
Technology - Top Gainers / Losers as of 3:00 pm,06-09-17
Analysts weigh in on Cloudera's earnings report; shares down 14.8%,06-09-17
"Close Update: S&P 500, Nasdaq Fall Victim to Tech Sell Off While Dow Reaches Record",06-09-17
"Bragar Eagel & Squire, P.C. Announces That a Class Action Lawsuit Has Been Filed Against Cloudera, Inc. (NYSE: CLDR) and Encourages Cloudera Investors to Contact the Firm",06-09-19
CLOUDERA (CLDR) CLASS ACTION ALERT: Bernstein Liebhard LLP Announces That A Securities Class Action Lawsuit Has Been Filed Against Cloudera Inc. - CLDR,06-10-19
"Gainey McKenna & Egleston Announces A Class Action Lawsuit Has Been Filed Against Cloudera, Inc. (CLDR)",06-10-19
"EQUITY ALERT: Rosen Law Firm Announces Filing of Securities Class Action Lawsuit Against Cloudera, Inc. – CLDR",06-10-19
"Lost Money in Cloudera, Inc.?",06-11-19
"SHAREHOLDER ALERT: Pomerantz Law Firm Investigates Claims On Behalf of Investors of Cloudera, Inc. - CLDR",06-11-19
"ONGOING INVESTIGATION ALERT: The Schall Law Firm Announces it is Investigating Claims Against Cloudera, Inc. and Encourages Investors with Losses in Excess of $100,000 to Contact the Firm",06-11-19
"CLASS ACTION UPDATE for INVVY, EQBK, XENT and CLDR: Levi & Korsinsky, LLP Reminds Investors of Class Actions on Behalf of Shareholders",06-12-19
"Rosen, a Top Ranked Law Firm, Reminds Cloudera, Inc. Investors of Important Deadline in Securities Class Action Lawsuit; Investors with Losses in Excess of $100K are Encouraged to Contact the Firm – CLDR",06-12-19
"CLASS ACTION UPDATE for CLDR, TUSK and RMED: Hagens Berman Alerts Investors to Securities Class Actions and Encourages Investors Who Suffered Losses to Contact the Firm",06-12-19
"The Klein Law Firm Reminds Investors of Class Actions on Behalf of Shareholders of EQBK, AOS, CLDR and PYX",06-13-19
Cloudera Named SD Times 100 Award Winner for Fifth Consecutive Year,06-13-17
"SHAREHOLDER ALERT: Pomerantz Law Firm Investigates Claims On Behalf of Investors of Cloudera, Inc. - CLDR",06-13-19
"Consolidated Research: 2018 Summary Expectations for Encana, Netflix, Veon, The Walt Disney, Gilead Sciences, and Cloudera — Fundamental Analysis, Key Performance Indications",06-14-18
"SHAREHOLDER ALERT: Pawar Law Group Announces a Securities Class Action Lawsuit Against Cloudera, Inc. – CLDR",06-14-19
Cloudera -3.7% on analyst initiation at 23% downside,06-15-18
Analyst Actions: Nomura Initiates Cloudera with Reduce Rating; PT Set at $12,06-15-18
"FILING DEADLINE--Kuznicki Law PLLC Announces Class Actions on Behalf of Shareholders of S, EQBK, CLDR and PYX",06-17-19
"CLASS ACTION UPDATE for MOMO, LTHM, CLDR and ZUO: Levi & Korsinsky, LLP Reminds Investors of Class Actions on Behalf of Shareholders",06-18-19
CLASS ACTION DEADLINE CLOUDERA: Bernstein Liebhard LLP Announces That Approximately 7 Weeks Remain To Make A Motion For Lead Plaintiff In A Securities Class Action Against Cloudera Inc. – CLDR,06-18-19
"CLASS ACTION REMINDERS for CLDR, TUSK and RMED: Hagens Berman Reminds Investors of Class Actions on Behalf of Shareholders",06-18-19
"The Klein Law Firm Reminds Investors of Class Actions on Behalf of Shareholders of EQBK, CBL, CLDR and ZUO",06-19-19
"Safirstein Metcalf LLP Announces That A Class Action Has Been Filed Against Cloudera, Inc. - CLDR",06-19-19
"Deadline Reminder: The Law Offices of Howard G. Smith Reminds Investors of Looming Deadline in the Class Action Lawsuit Against Cloudera, Inc.",06-19-19
"Bragar Eagel & Squire, P.C. Reminds Investors That Class Action Lawsuits Have Been Filed Against Sprint Corporation, Boston Scientific Corporation, Box, Inc. and Cloudera, Inc. and Encourages Investors to Contact the Firm",06-19-19
"The Klein Law Firm Reminds Investors of Class Actions on Behalf of Shareholders of EQBK, CLDR, PYX and ZUO",06-20-19
"SHAREHOLDER ALERT: Pomerantz Law Firm Investigates Claims On Behalf of Investors of Cloudera, Inc. - CLDR",06-20-19
"Federman & Sherwood Announces Filing of Securities Class Action Lawsuit Against Cloudera, Inc.",06-20-19
"Glancy Prongay & Murray Reminds Investors of Looming Deadline in the Class Action Lawsuit Against Cloudera, Inc.",06-20-19
"IBM, Cloudera Announce Strategic Partnership",06-21-19
"SDRL, CLDR among premarket gainers",06-21-19
Market Chatter: Cloudera Signs Strategic Partnership with IBM; Shares Sure 8% Pre-Market,06-21-19
Cloudera +3.5% on IBM tie-up,06-21-19
"International Business Machines, Cloudera Form Strategic Partnership",06-21-19
Sector Update: Tech Stocks Narrowly Lower as Chipmakers Post Steeper Retreat,06-21-19
"INVESTOR ALERT - Cloudera, Inc. (CLDR) - Bronstein, Gewirtz & Grossman, LLC Announces Class Action and Lead Plaintiff Deadline: August 6, 2019",06-21-19
Sector Update: Chipmakers Keep Tech Sector Underwater on Friday,06-21-19
"Pawar Law Group Reminds Investors of Important Deadline in Securities Class Action Lawsuit Against Cloudera, Inc. – CLDR",06-21-19
Cerner and Cloudera Win Ovum's Inaugural IoT Futures Award,06-22-17
"ROSEN, A GLOBALLY RECOGNIZED LAW FIRM: Announces Filing of Securities Class Action Lawsuit Against Cloudera, Inc. - CLDR",06-23-19
Cloudera Recognized as Winner for Microsoft 2018 Partner of the Year,06-25-18
"Zhang Investor Law Reminds Investors of Deadline in Securities Class Action Lawsuit Against Cloudera, Inc. – CLDR",06-25-19
"LEAD PLAINTIFF DEADLINE ALERT: Faruqi & Faruqi, LLP Encourages Investors Who Suffered Losses Exceeding $50,000 In Cloudera, Inc. To Contact The Firm",06-25-19
"LEAD PLAINTIFF DEADLINE ALERT: Faruqi & Faruqi, LLP Encourages Investors Who Suffered Losses Exceeding $50,000 In Cloudera, Inc. To Contact The Firm",06-26-19
"Bragar Eagel & Squire, P.C. Reminds Investors That Class Action Lawsuits Have Been Filed Against Heron Therapeutics, Box, Cloudera, and Mammoth Energy and Encourages Investors to Contact the Firm",06-26-19
"Lifshitz & Miller LLP Announces Investigation of Ascena Retail Group, Inc., Barnes & Noble, Inc., Cloudera, Inc., Cypress Semiconductor Corporation, Pivotal Software, Inc., Sunlands Technology Group, Tableau Software, Inc., and Zuora, Inc.",06-27-19
"INVESTOR ALERT - Cloudera, Inc. (CLDR) - Bronstein, Gewirtz & Grossman, LLC Announces Class Action and Lead Plaintiff Deadline: August 6, 2019",06-27-19
CLASS ACTION DEADLINE CLOUDERA: Bernstein Liebhard LLP Announces That Approximately 5 Weeks Remain To Make A Motion For Lead Plaintiff In A Securities Class Action Against Cloudera Inc. – CLDR,06-28-19
"Hagens Berman Reminds Cloudera (CLDR) Investors of Lead Plaintiff Deadline, Encourages Investors Who Suffered $50,000+ Losses to Contact the Firm",06-28-19
"TOP RANKED ROSEN LAW FIRM: Announces Filing of Securities Class Action Lawsuit Against Cloudera, Inc. – CLDR",06-29-19
"Today's Research Report Coverage on Application Software Stocks -- Box Inc., Cloudera, Tableau Software, and HubSpot",06-30-17
"SHAREHOLDER ALERT: Pomerantz Law Firm Investigates Claims On Behalf of Investors of Cloudera, Inc. - CLDR",06-30-19
"Pawar Law Group Reminds Investors of Important August 6 Deadline in Securities Class Action Lawsuit Against Cloudera, Inc. – CLDR",07-01-19
"LEAD PLAINTIFF DEADLINE ALERT: Faruqi & Faruqi, LLP Encourages Investors Who Suffered Losses Exceeding $50,000 In Cloudera, Inc. To Contact The Firm",07-01-19
Cloudera and MetiStream Empower Healthcare Organizations to Accelerate Genomic Medicine and Improve Patient Outcomes with Machine Learning,07-02-18
"CLDR DEADLINE: Zhang Investor Law Reminds Investors of August 6 Deadline in Securities Class Action Lawsuit Against Cloudera, Inc. – CLDR",07-02-19
"Bragar Eagel & Squire, P.C. Reminds Investors That Class Action Lawsuits Have Been Filed Against Heron Therapeutics, Box, Cloudera, and Mammoth Energy and Encourages Investors to Contact the Firm",07-02-19
"CLASS ACTION UPDATE for HL, PVTL, CLDR and TEVA: Levi & Korsinsky, LLP Reminds Investors of Class Actions on Behalf of Shareholders",07-03-19
"SHAREHOLDER ALERT: Pomerantz Law Firm Investigates Claims On Behalf of Investors of Cloudera, Inc. - CLDR",07-05-19
This year's tech IPOs struggle to pass listing price,07-05-17
"BOX, CLDR & TUSK - Bronstein, Gewirtz & Grossman, LLC Class Action",07-05-19
Cloudera Empowers YES BANK's Digital Strategy to Deliver Enhanced Business Insights,07-05-17
"LEAD PLAINTIFF DEADLINE ALERT: Faruqi & Faruqi, LLP Encourages Investors Who Suffered Losses Exceeding $50,000 In Cloudera, Inc. To Contact The Firm",07-08-19
"CLASS ACTION REMINDERS for TUSK, RMED, AAC and CLDR: Hagens Berman Reminds Investors of Class Actions on Behalf of Shareholders",07-08-19
"The Klein Law Firm Reminds Investors of Class Actions on Behalf of Shareholders of TUSK, CLDR, PYX and FDX",07-09-19
CLASS ACTION DEADLINE CLOUDERA: Bernstein Liebhard LLP Announces That Approximately 3 Weeks Remain To Make A Motion For Lead Plaintiff In A Securities Class Action Against Cloudera Inc. – CLDR,07-09-19
"SHAREHOLDER ALERT: Pomerantz Law Firm Investigates Claims On Behalf of Investors of Cloudera, Inc. - CLDR",07-11-19
"CLDR INVESTOR ALERT: Hagens Berman Reminds Cloudera (CLDR) Investors of Lead Plaintiff Deadline, Encourages Investors Who Suffered $50,000+ Losses to Contact the Firm",07-11-19
Cloudera Helps Drive Midea's Business Innovation and Achieve Rapid Growth in Revenue,07-11-17
Cloudera Enterprise Suite Selected by China-Based Midea Group,07-12-17
"Zhang Investor Law Reminds Investors of August 6 Deadline in Securities Class Action Lawsuit Against Cloudera, Inc. – CLDR",07-12-19
"Pomerantz Law Firm Announces the Filing of a Class Action against Cloudera, Inc. and Certain Officers – CLDR",07-12-19
"Box, Inc. (NYSE: BOX), Cloudera, Inc. (NYSE: CLDR) & Mammoth Energy Services, Inc. (NASDAQ: TUSK)  - Bronstein, Gewirtz & Grossman, LLC Class Action Update",07-12-19
"TOP RANKED ROSEN LAW FIRM: Reminds Cloudera, Inc. Investors of Important August 6th Deadline in Securities Class Action Lawsuit– CLDR",07-12-19
Cloudera Partners with CyberZ on Cloud Migration Journey to Simplify Big Data,07-12-17
Cloudera and ISID Partner to Build Integrated Platform for Mizuho Americas to Enhance Its Customer Experience,07-16-19
"LEAD PLAINTIFF DEADLINE ALERT: Faruqi & Faruqi, LLP Encourages Investors Who Suffered Losses Exceeding $50,000 In Cloudera, Inc. To Contact The Firm",07-16-19
"Bragar Eagel & Squire, P.C. Reminds Investors That Class Action Lawsuits Have Been Filed Against Heron Therapeutics, Box, Cloudera, and Mammoth Energy and Encourages Investors to Contact the Firm",07-16-19
CLASS ACTION DEADLINE CLOUDERA: Bernstein Liebhard LLP Announces That Approximately 2 Weeks Remain To Make A Motion For Lead Plaintiff In A Securities Class Action Against Cloudera Inc. – CLDR,07-18-19
"SHAREHOLDER ALERT:  Pomerantz Law Firm Reminds Shareholders with Losses on their Investment Cloudera, Inc. of Class Action Lawsuit and Upcoming Deadline – CLDR",07-18-19
Cybraics Builds on Cloudera to Accelerate Artificial Intelligence and Advance Cybersecurity Analytics,07-19-17
"Box, Inc. (NYSE: BOX), Cloudera, Inc. (NYSE: CLDR) & Mammoth Energy Services, Inc. (NASDAQ: TUSK)  - Bronstein, Gewirtz & Grossman, LLC Class Action Update",07-19-19
CredEx Finance Technology Uses Cloudera to Expand and Innovate for the Future,07-19-17
Navistar's IoT Deployment on Cloudera Wins TDWI 2017 Best Practices Award,07-21-17
"Pawar Law Group Reminds Investors of Important August 6 Deadline in Securities Class Action Lawsuit Against Cloudera, Inc. – CLDR",07-22-19
HAGENS BERMAN CLDR NOTICE: Hagens Berman Announces Cloudera (CLDR) Investigation and Lead Plaintiff Deadline,07-22-19
Stifel leaves Cloudera sidelines,07-23-19
"CLASS ACTION UPDATE for CLDR, ASNA, PYX and DBD: Levi & Korsinsky, LLP Reminds Investors of Class Actions on Behalf of Shareholders",07-23-19
"LEAD PLAINTIFF DEADLINE ALERT: Faruqi & Faruqi, LLP Encourages Investors Who Suffered Losses Exceeding $50,000 In Cloudera, Inc. To Contact The Firm",07-23-19
"Rosen, A Leading Law Firm, Reminds Cloudera, Inc. Investors of Important August 6th Deadline in Securities Class Action Lawsuit – CLDR",07-23-19
"Bragar Eagel & Squire, P.C. Reminds Investors That Class Action Lawsuits Have Been Filed Against Box, Beazer Homes, Cloudera, and Mammoth Energy and Encourages Investors to Contact the Firm",07-23-19
Cloudera Enables Digital Transformation for Global Financial Services Institutions,07-24-19
Open Source Innovation Strengthens Cloudera's Cybersecurity Solution and Accelerates Machine Learning at Scale,07-24-17
CLDR CLASS ACTION DEADLINE: Bernstein Liebhard LLP Announces That Approximately 12 Days Remain To Make A Motion For Lead Plaintiff In A Securities Class Action Against Cloudera Inc. – CLDR,07-25-19
"Zhang Investor Law Reminds Investors of August 6 Deadline in Securities Class Action Lawsuit Against Cloudera, Inc. – CLDR",07-25-19
Cloudera Recognized for World Class Customer Service and Support for Third Consecutive Year,07-25-18
"SHAREHOLDER ALERT: Pomerantz Law Firm Reminds Shareholders with Losses on their Investment in Cloudera, Inc. of Class Action Lawsuit and Upcoming Deadline – CLDR",07-25-19
"Box, Inc. (BOX), Cloudera, Inc. (CLDR) & Mammoth Energy Services, Inc. (TUSK) - Bronstein, Gewirtz & Grossman, LLC Class Action",07-26-19
"LEAD PLAINTIFF DEADLINE ALERT: Faruqi & Faruqi, LLP Encourages Investors Who Suffered Losses Exceeding $50,000 In Cloudera, Inc. To Contact The Firm",07-29-19
"ROSEN, A TOP RANKED LAW FIRM, Reminds Cloudera, Inc. Investors of Important August 6th Deadline in Securities Class Action Lawsuit; Encourages Investors with Losses in Excess of $100K to Contact the Firm   – CLDR",07-29-19
"CLDR INVESTOR ALERT: Hagens Berman Reminds Cloudera (CLDR) Investors of August 6, 2019 Deadline; Investors Who Lost $50,000 May Contact the Firm",07-29-19
CLDR CLASS ACTION DEADLINE: Bernstein Liebhard LLP Announces That Approximately 7 Days Remain To Make A Motion For Lead Plaintiff In A Securities Class Action Against Cloudera Inc. – CLDR,07-30-19
"Bragar Eagel & Squire, P.C. Reminds Investors That Class Action Lawsuits Have Been Filed Against Heron Therapeutics, Box, Beazer Homes, and Cloudera and Encourages Investors to Contact the Firm",07-30-19
"SHAREHOLDER ALERT:  Pomerantz Law Firm Reminds Shareholders with Losses on their Investment in Cloudera, Inc. of Class Action Lawsuit and Upcoming Deadline – CLDR",07-31-19
Cloudera Awarded Prestigious Certification for World Class Customer Service and Support for Second Consecutive Year,07-31-17
CLDR 6-DAY DEADLINE: Hagens Berman Reminds Cloudera (CLDR) Investors of August 6th Lead Plaintiff Deadline,07-31-19
"APHA, NTAP, FTNT and FLR among notable after hour movers",08-01-19
"ACB, APHA among premarket gainers",08-02-19
"CLASS ACTION UPDATE for CLDR, ZUO, BUD and INS: Levi & Korsinsky, LLP Reminds Investors of Class Actions on Behalf of Shareholders",08-02-19
"CLASS ACTION UPDATE for CLDR, CTST, OMCL and CARB: Levi & Korsinsky, LLP Reminds Investors of Class Actions on Behalf of Shareholders",08-02-19
Cloudera Rising Friday After Carl Icahn Disclose Large Stake,08-02-19
Sector Update: Tech Stocks Fall Hard In Friday Trading,08-02-19
"DEADLINE ALERT - Cloudera, Inc. (CLDR) - Bronstein, Gewirtz & Grossman, LLC Reminds Shareholders with Over $2 Million of Class Action and Lead Plaintiff Deadline: August 6, 2019",08-05-19
Cloudera Empowers Leading Manufacturing Firms to Rethink Data Management Strategy,08-06-19
"FINAL DEADLINE: Rosen, a Top Ranked Law Firm, Reminds Cloudera, Inc. Investors of Important Deadline Today in Securities Class Action Lawsuit – CLDR",08-06-19
Cloudera Recognized in Gartner Peer Insights Customers' Choice,08-06-18
"Intel adds position in Switch, Carbon Black, and DocuSign",08-07-18
Cloudera Sets Date to Announce Second Quarter Fiscal Year 2018 Results,08-08-17
Cloudera +2.7% after Icahn increases stake,08-08-19
Cloudera Sets Date to Announce Second Quarter Fiscal Year 2019 Results,08-08-18
"Jobrapido Increases Traffic Acquisition, Job Placements and Revenue Using Cloudera for Machine Learning",08-09-17
Cloudera and Carl C. Icahn Announce Agreement,08-12-19
"Cloudera, Icahn reach board deal; CLDR +1.4%",08-12-19
"Cloudera Reaches Agreement With Icahn Group on Board Membership, Composition of CEO Search Committee",08-12-19
"Wall Street Tips Lower Pre-Bell Amid Trade War Worries, Hong Kong Unrest",08-12-19
Cloudera Sets Date to Announce Second Quarter Fiscal Year 2020 Results,08-13-19
New positions at Tiger Global,08-14-17
Cloudera to Participate in Upcoming Financial Conferences,08-15-18
Cloudera to Participate in the 2017 Deutsche Bank Technology Conference,08-15-17
Cloudera Recognized for Cloud-Native Platform-as-a-Service Innovation,08-18-17
Leading Pharmaceutical and Healthcare Organizations Rely on Cloudera to Power Predictive Data Insights,08-20-19
"/C O R R E C T I O N -- Cloudera, Inc./",08-21-19
"Research Report Identifies Cloudera, Snap, Social Reality, BioTime, Renewable Energy Group, and Mattel with Renewed Outlook — Fundamental Analysis, Calculating Forward Movement",08-23-18
"Workday +3.4% after OTR upgrade, Splunk's stellar earnings",08-24-18
Cloudera Leads the Way in Data Warehousing for Hybrid Cloud,08-28-18
Sector Update: Tech Stocks Building on Mid-Day Gains,08-29-18
Cloudera Advances Data Warehousing Leadership,08-29-18
OPTIONS: Straddle Prices for Stocks Expected to Report Quarterly Results Next Week,08-30-19
Stocks to watch next week,09-02-17
Notable earnings after Wednesday’s close,09-03-19
"Earnings Reaction History: CLOUDERA INC, 87.5% Follow-Through Indicator, 19.5% Sensitive",09-04-19
Cloudera Agrees to Acquire Arcadia Data to Accelerate Time-to-Insight for Data Analytics,09-04-19
Cloudera Reports Second Quarter Fiscal Year 2020 Financial Results,09-04-19
"Cloudera EPS beats by $0.08, beats on revenue",09-04-19
Cloudera +6.7% after beat-and-raise,09-04-19
"Cloudera Narrows Per-Share Loss, Beats Revenue Estimates for Fiscal Q2; Acquires Data Analytics Platform Provider",09-04-19
"Cloudera Launches an End-to-End, Open, Modular IoT Architecture with Red Hat and Eurotech to Accelerate IoT Deployments",09-04-18
"Cloudera Starts New Open Source Architecture With Red Hat, Eurotech",09-04-18
Notable earnings after Wednesday’s close,09-04-18
MTNeswires After-Hours News Movers,09-04-18
MT Newswires After-Hours News Movers,09-04-19
"MT Newswires After-Hours Watch List: CLDR, HOME, MNK",09-04-19
"Stock Performance Review on Application Software Industry -- Box Inc., Cloudera, RingCentral, and Cadence Design Systems",09-05-17
JMP bullish after Cloudera earnings,09-05-19
"PANW, EQNR among premarket top gainers",09-05-19
"Analyst Actions: JMP Securities Upgrades Cloudera to Market Outperform From Market Perform, $12 Price Target",09-05-19
"Analyst Actions: JP Morgan Lifts Cloudera PT to $9 From $8, Maintains Neutral Rating",09-05-19
"Analyst Actions: Nomura Lifts Cloudera PT to $10 From $8, Maintains Buy Rating",09-05-19
"Analyst Actions: Citigroup Lifts Cloudera Price Target to $8 From $7.50, Maintains Neutral Rating",09-05-19
"ADPT, CLDR, GIII, LVGO and MDP among midday movers",09-05-19
Sector Update: Tech Stocks Extending Post-Labor Day Rebound,09-05-19
"Earnings Reaction History: CLOUDERA INC, 80.0% Follow-Through Indicator, 14.2% Sensitive",09-05-18
"Amazon, Splunk competitor Elastic files for IPO",09-05-18
"CLDR, ENPH, TEUM and VRNT among tech movers",09-05-19
Sector Update: Chipmakers Carry Tech Stocks to Big Advance,09-05-19
Cloudera Reports Second Quarter Fiscal Year 2019 Financial Results,09-05-18
"Cloudera beats by $0.07, beats on revenue",09-05-18
Close Update: Nasdaq Leads Market Indexes Higher as Hopes for Upcoming Trade Talks Abound,09-05-19
"After Hours Watch List Scorecard: CLDR, HOME, MNK",09-05-19
After Hours Gainers / Losers (09/05/2018),09-05-18
Impact of Artificial Intelligence Innovation Proving to be Monumental Making Dramatic Impact on Global Economy,09-06-18
Stifel raises Cloudera to 53% upside after strong quarter,09-06-18
Premarket Gainers as of 9:05 am (09/06/2018),09-06-18
"Financialbuzz.com: 'Market Recap' Week Ending September 6th, 2019",09-06-19
"Cloudera, MongoDB earnings pull up application software peers",09-06-18
Technology - Top 5 Gainers / Losers as of 3.00 PM (09/06/2018),09-06-18
Notable earnings after Thursday’s close,09-06-17
"Financialinsiders.com Earnings Recap Week Ending September 7th, 2017",09-07-18
Cloudera Reports Second Quarter Fiscal Year 2018 Financial Results,09-07-17
"Cloudera beats by $0.08, beats on revenue",09-07-17
"Cloudera Posts Narrower-than-Estimated Fiscal Q2 Loss, Provides Upbeat Guidance; Shares Gain After-Hours",09-07-17
MT Newswires After-Hours News Movers,09-07-17
Cloudera acquires AI training and consultancy company,09-08-17
Cloudera Delivers Its Most Powerful Machine Learning and Analytics Platform - Cloudera Enterprise 6,09-10-18
"Cloudera +3% target boost, platform launch",09-10-18
Cloudera Announces Fifth Annual Data Impact Awards Finalists,09-11-17
Midday Gainers / Losers,09-11-17
Technology - Top Gainers / Losers as of 2:55 pm,09-11-17
Cloudera Enables Globe Telecom to Manage Mobile Data Growth and Boost Customer Experience with Machine Learning,09-11-17
BTIG starts Cloudera at Buy,09-12-18
Cloudera Joins Open Source Eclipse IoT Community,09-14-17
Cloudera Files Registration Statement for Proposed Follow-on Offering,09-15-17
New Study Proves Current Enterprise Data Strategies Ineffective,09-17-19
Cloudera Files for Secondary Offering,09-18-17
Cloudera down after filing for common stock offering,09-18-17
Cargotec Transforms into a Digital Leader in Intelligent Cargo Handling with Internet of Things (IoT) Platform Powered by Cloudera,09-21-17
Industry's First Enterprise Data Cloud Launched by Cloudera,09-24-19
Cloudera Introduces New Cloud-Native Data Warehousing Service for Cloudera Data Platform,09-24-19
Cloudera Launches New Cloud-Native Machine Learning Service for Cloudera Data Platform to Empower the AI-First Enterprise,09-24-19
"Analyst Actions: Morgan Stanley Lifts Cloudera's Price Target to $9 From $7, Reiterates Equal Weight Rating",09-24-19
Cloudera Expands Machine Learning and Data Warehousing Solutions on Microsoft Azure Marketplace,09-25-18
"Cloudera to Share Latest Platform Innovations in Machine Learning, Analytics and Cloud at Strata Data New York 2017",09-25-17
Cloudera Innovation in Machine Learning and Data Science Recognized,09-25-17
Cloudera Announces Launch of Proposed Follow-on Offering,09-25-17
"Cloudera Plans to Sell 12 Mln Shares, With 9 Mln Of Those Belonging to Shareholders, in Offering",09-25-17
Cloudera announces follow-up offering,09-25-17
MT Newswires After-Hours News Movers,09-25-17
AtScale Partners with Cloudera and Tableau to speed up the deployment of Big Data analytics applications,09-26-17
New Cloudera Foundation Will Use Data Analytics and Machine Learning to Improve People's Lives,09-26-17
"Cloudera Launches SDX, a Shared Data Experience for the Enterprise",09-26-17
Cloudera Announces Winners of Inaugural Partner Impact Awards,09-27-17
Cloudera Announces Winners of Fifth Annual Data Impact Awards,09-27-17
Cloudera Introduces Altus Data Engineering for Microsoft Azure Beta Enabling New Hybrid and Multi-cloud Data Analytic Workflows,09-27-17
Cloudera Appoints Scott Aronson as SVP Worldwide Sales and Services,09-27-18
Cloudera Announces Pricing of Follow-on Offering,09-27-17
Cloudera Prices Follow-On Stock Offering at 0.8% Discount,09-28-17
Leading Businesses Rely on Cloudera for Machine Learning to Drive IoT Innovation,09-28-17
Cloudera Announces Closing of Follow-on Offering and Full Exercise of the Underwriters' Option to Purchase Additional Shares,10-02-17
"SHAREHOLDER ALERT: Levi & Korsinsky, LLP Announces an Investigation Concerning Possible Breaches of Fiduciary Duty by Certain Officers and Directors of Cloudera, Inc.",10-02-17
Cloudera and Hortonworks Announce Merger to Create World’s Leading Next Generation Data Platform and Deliver Industry’s First Enterprise Data Cloud,10-03-18
"Cloudera, Hortonworks to Merge - HDP due off After-Hours Halt at 4:35 pm ET",10-03-18
Cloudera soars on Hortonworks merger,10-03-18
--Hortonworks Resumes Trade - Up 14% on Merger with Cloudera - CLDR up 16% in After-Hours,10-03-18
After Hours Gainers / Losers (10/03/2018),10-03-18
MT Newswires After-Hours News Movers,10-03-18
Sector Update: Tech,10-04-18
Analyst Actions: DA Davidson Upgrades Cloudera to Buy From Neutral,10-04-18
Sector Update: Tech Stocks Declining in Early Trading,10-04-18
Premarket Gainers as of 9:05 am (10/04/2018),10-04-18
"Citi, Cowen out positive on Cloudera-Hortonworks merger",10-04-18
Cloudera's Tie-Up With Hortonworks Sends Shares Rallying as RBC Says Deal Makes 'Strategic Sense',10-04-18
"Analyst Actions: Raymond James Raises Cloudera's Price Target to $24 From $20, Reiterates Outperform Rating",10-04-18
"Analyst Actions: Stifel Nicolaus Lifts Cloudera's Price Target to $25 From $22, Reiterates Buy Rating",10-04-18
Sector Update: Technology Stocks Lower in Thursday Selloff,10-04-18
Technology - Top 5 Gainers / Losers as of 2.55 PM (10/04/2018),10-04-18
Sector Update: Little Late Buying for Tech Stocks Keeps Sector Near Session Lows,10-04-18
US Stocks Sink on Widespread Selloff as Dow Stems Five-Day Rally,10-04-18
Software industry's week topped by Cloudera-Hortonworks merger,10-05-18
"Today's Research Report Coverage on Application Software Stocks -- Zendesk, Box Inc., Cloudera, and RingCentral",10-09-17
Technology - Top 5 Gainers / Losers as of 3.00 PM (10/10/2018),10-10-18
Nutanix Certifies on Cloudera Enterprise,10-10-17
Mizuho initiates Cloudera,10-11-17
Analyst Actions: Mizuho Securities Initiates Coverage on Cloudera With Neutral Rating and $18 PT,10-12-17
Cloudera Announces Strategic Alliance with NEC to Support Acceleration of the Utilization of Big Data,10-16-18
Cloudera and NEC collaborate on big data,10-16-18
Cloudera Enters Strategic Alliance with NEC to Accelerate Big Data Use,10-16-18
Cloudera Unveils Vision for Industrialization of AI at Gartner Symposium ITxpo,10-17-18
"Analysis: Positioning to Benefit within Armstrong World Industries, Cloudera, Cameco, Mistras Group, Cray, and Medical Transcription Billing — Research Highlights Growth, Revenue, and Consolidated Results",10-17-18
Cloudera and Hitachi Ltd. Form Strategic Partnership to Strengthen Adoption and Support of Cloudera Enterprise,10-17-17
Analyst Actions: Wedbush Initiates Coverage of Cloudera With Neutral Rating and $17 Price Target,10-19-18
Stocks to watch next week,10-21-17
Cloudera Speeds Analytics Deployment for Cybersecurity Hub,10-23-17
"Detailed Research: Economic Perspectives on DexCom, Pier 1 Imports, Gilead Sciences, Fitbit, Cloudera, and GoPro – What Drives Growth in Today's Competitive Landscape",10-23-17
MEDIA ADVISORY: Cloudera Hosts Government Forum Denver,10-26-17
"IBM, Red Hat and recent IPOs move on $34B deal",10-29-18
Analyst Actions: Needham & Co Upgrades Cloudera to Strong Buy From Buy; Lifts PT to $31 From $23,11-05-18
Needham adjusts ratings on recent M&A names,11-05-18
Cloudera Data Platform Available on Microsoft Azure,11-06-19
"Cloud stocks soar after Twilio, Tableau smash earnings",11-07-18
Hortonworks +3.5% on Q3 beats ahead of Cloudera merger,11-08-18
Cloudera Sets Date to Announce Third Quarter Fiscal Year 2018 Results,11-09-17
"Analysis: Positioning to Benefit within IDEXX Laboratories, Editas Medicine, Arconic, Cardtronics, Cloudera, and BMC Stock — Research Highlights Growth, Revenue, and Consolidated Results",11-12-18
Cloudera Sets Date to Announce Third Quarter Fiscal Year 2020 Results,11-13-19
Komatsu Helps Improve Mining Performance with Industrial Internet of Things (IIoT) Platform Powered by Cloudera,11-15-17
Cloud stocks drop with tech woes,11-19-18
Cloudera and Hortonworks Announce Termination of Hart-Scott-Rodino Waiting Period for Proposed Merger,11-19-18
Cloudera Sets Date to Announce Third Quarter Fiscal Year 2019 Results,11-20-18
Cloudera Announces Enhanced Partner Program,11-20-19
Cloudera to Participate in Upcoming Financial Conferences,11-20-19
Cloudera partners with Bank Rakyat Indonesia on Data-Driven Journey to Boost Growth and Accelerate Financial Inclusion in Indonesia,11-20-18
Cloudera Enterprise Selected by Bank Rakyat Indonesia,11-21-18
Cloudera to Participate in Upcoming Financial Conference,11-21-18
"SHAREHOLDER ALERT: Levi & Korsinsky, LLP Notifies Investors of an Investigation Regarding Whether the Sale of Hortonworks, Inc. to Cloudera, Inc. is Fair to Shareholders",11-26-18
Cloudera changes the game in cloud-based data warehouses with Cloudera Altus Analytic DB (beta),11-28-17
Cloudera +3.5% as Hedgeye names Best Idea Long,11-28-18
--Analyst Actions: Hedgeye Adds Cloudera to Best Ideas Long List - Stock Up 5%,11-28-18
"Market Trends Toward New Normal in Cloudera, C.R. Bard, Jabil Circuit, Valero Energy, Navient, and Interpace Diagnostics Group — Emerging Consolidated Expectations, Analyst Ratings",11-29-17
"Analyst Actions: Morgan Stanley Lifts Cloudera's Price Target to $11 From $9, Keeps Equal-Weight Rating",12-03-19
Sector Update: Tech Stocks Sinking on Tuesday,12-03-19
Sector Update: Tech Stocks Struggle Tuesday Amid Rising Trade Worries,12-03-19
Notable earnings for Wednesday,12-04-18
Cloudera Announces Preview of Cloud-Native Machine Learning Platform to Accelerate the Industrialization of AI,12-05-18
Cloudera Reports Third Quarter Fiscal Year 2020 Financial Results,12-05-19
"Cloudera EPS beats by $0.03, beats on revenue",12-05-19
Cloudera Reports Third Quarter Fiscal Year 2019 Financial Results,12-05-18
"Cloudera beats by $0.08, beats on revenue",12-05-18
"Cloudera Q3 Bests Estimates, Loss Guidance Smaller vs Views",12-05-18
"Cloudera Q3 Bests Expectations, Guidance Ahead of Street Views - Stock Rises 5.5% After-Hours",12-05-19
Cloudera reports Q3 beats,12-05-18
"Cloudera reports beats, upside revenue forecasts",12-05-19
MT Newswires After-Hours News Movers,12-05-19
"--Analyst Actions: Wedbush Boosts Price Target on Cloudera to $11 From $8.50, Maintains Neutral Rating",12-06-19
"TTD, ULTA among premarket gainers",12-06-19
"Analyst Actions: Deutsche Bank Lifts Cloudera's Price Target to $11 From $8, Reiterates Hold Rating",12-06-19
"Analyst Actions: Morgan Stanley Lifts Cloudera's Price Target to $12 From $11, Keeps Equal-Weight Rating",12-06-19
"Analyst Actions: BofA Merrill Lynch Cuts Lifts Price Target on Cloudera to $8 From $7, Maintains Underperform",12-06-19
"Analyst Actions: DA Davidson Boosts Price Target on Cloudera to $13 From $11, Maintains Buy",12-06-19
"Analyst Actions: JPMorgan Lifts Price Target on Cloudera to $11 From $9, Maintains Neutral",12-06-19
"Analyst Actions: Bernstein Raises Cloudera's Price Target to $10 From $8, Maintains Market Perform Rating",12-06-19
"Analyst Actions: JMP Securities Lifts Cloudera's Price Target to $15 From $12, Maintains Market Outperform Rating",12-06-19
"Analyst Actions: Craig-Hallum Lifts Price Target for Buy-Rated Cloudera to $16 From $14, Maintains Buy Rating",12-06-19
Analyst Actions: Nomura Lifts Price Target for Buy-Rated Cloudera to $11 From $10,12-06-19
"Analyst Actions: Barclays Raises Cloudera's Price Target to $11 From $10, Maintains Equalweight Rating",12-06-19
"Analyst Actions: Stifel Nicolaus Doubles Cloudera's Price Target to $12 From $6, Maintains Hold Rating",12-06-19
Cloud stocks see green after Cloudera earnings,12-06-18
Notable earnings after Thursday’s close,12-06-17
Cloudera Reports Third Quarter Fiscal Year 2018 Financial Results,12-07-17
"Cloudera beats by $0.07, beats on revenue",12-07-17
"Cloudera Q3 Bests Expectations, Loss Guidance Smaller Than Estimates - Stock Up 5% After-Hours",12-07-17
"Cloudera +4.8% after Q3 beats, upside guidance",12-07-17
After Hours Gainers / Losers,12-07-17
MT Newswires' After-Hours Trading Range Analysis: CLDR,12-07-17
Forecast Report: CLDR,12-07-17
MT Newswires After-Hours News Movers,12-07-17
Premarket Gainers as of 9:05 am,12-08-17
"Analyst Actions: Citigroup Raises Cloudera's Price Target to $10 From $8, Maintains Neutral Rating",12-09-19
Industry Call to Define Universal Open Standards for Machine Learning Operations and Governance,12-11-19
Cloudera Ranked as One of the Fastest Growing Companies in North America on Deloitte's 2017 Technology Fast 500,12-11-17
"MERGER ALERT – HDP and ADPI: Levi & Korsinsky, LLP Reminds Investors of Investigations Concerning the Sale of these Companies",12-11-18
"Report: Developing Opportunities within Pfizer, Bed Bath & Beyond, Vishay Intertechnology, Cloudera, Markel, and QTS Realty Trust — Future Expectations, Projections Moving into 2018",12-12-18
Rakuten Card Modernizes Data Architecture with Cloudera,12-12-17
Cloudera to Participate in Upcoming Financial Conferences,12-13-17
Cloudera to Participate in Upcoming Financial Conference,12-13-18
Drexel Hamilton initiates Cloudera,12-20-17
Cloudera Empowers Bombay Stock Exchange with Real-Time Insights to Reduce Operation Costs by 95%,12-21-18
Cloudera Shareholders Approve Share Issuance of Cloudera Common Stock in Relation to Hortonworks Merger Deal,12-28-18
Cloudera holders approve Hortonworks merger,12-28-18